UYSAL,M-NO PUB-9999,APX,J-NO PUB-9999,11
SMITH,V-NO PUB-9999,COHEN,E-NO PUB-9999,189
RYAN,C-NO PUB-9999,CROUCH,G-NO PUB-9999,14
PERDUE,R-NO PUB-9999,MACCANNELL,D-NO PUB-9999,5
OPPERMANN,M-NO PUB-9999,COHEN,E-NO PUB-9999,70
WEAVER,D-NO PUB-9999,MACCANNELL,D-NO PUB-9999,8
DANN,G-NO PUB-9999,BRAMWELL,B-NO PUB-9999,23
SMITH,S-NO PUB-9999,MACCANNELL,D-NO PUB-9999,14
SONG,H-NO PUB-9999,SMITH,S-NO PUB-9999,6
WEAVER,D-NO PUB-9999,MURPHY,P-NO PUB-9999,34
PARASURAMAN,A-NO PUB-9999,KOZAK,M-NO PUB-9999,63
PERDUE,R-NO PUB-9999,PEARCE,P-NO PUB-9999,30
SMITH,V-NO PUB-9999,KOTLER,P-NO PUB-9999,7
PAGE,S-NO PUB-9999,CROMPTON,J-NO PUB-9999,10
URRY,J-NO PUB-9999,CROMPTON,J-NO PUB-9999,33
PERDUE,R-NO PUB-9999,PEARCE,D-NO PUB-9999,15
URRY,J-NO PUB-9999,PRENTICE,R-NO PUB-9999,58
URRY,J-NO PUB-9999,MACCANNELL,D-NO PUB-9999,188
GETZ,D-NO PUB-9999,APX,J-NO PUB-9999,69
UYSAL,M-NO PUB-9999,PAGE,S-NO PUB-9999,3
WITT,S-NO PUB-9999,MCKERCHER,R-NO PUB-9999,3
BUTLER,R-NO PUB-9999,ASHWORTH,G-NO PUB-9999,33
HAIR,J-NO PUB-9999,CROUCH,G-NO PUB-9999,10
GETZ,D-NO PUB-9999,ECHTNER,C-NO PUB-9999,14
WOODSIDE,A-NO PUB-9999,GETZ,D-NO PUB-9999,12
OPPERMANN,M-NO PUB-9999,HALL,C-NO PUB-9999,70
PAGE,S-NO PUB-9999,APX,J-NO PUB-9999,7
PAGE,S-NO PUB-9999,CROUCH,G-NO PUB-9999,11
KOZAK,M-NO PUB-9999,BUTLER,R-NO PUB-9999,18
MURPHY,P-NO PUB-9999,GUNN,C-NO PUB-9999,65
MCKERCHER,R-NO PUB-9999,COHEN,E-NO PUB-9999,38
CROUCH,G-NO PUB-9999,CROUCH,G-NO PUB-9999,80
WOODSIDE,A-NO PUB-9999,OPPERMANN,M-NO PUB-9999,156
URRY,J-NO PUB-9999,PERDUE,R-NO PUB-9999,6
PARASURAMAN,A-NO PUB-9999,ECHTNER,C-NO PUB-9999,23
PARASURAMAN,A-NO PUB-9999,GUNN,C-NO PUB-9999,10
OPPERMANN,M-NO PUB-9999,MURPHY,P-NO PUB-9999,45
PIZAM,A-NO PUB-9999,GETZ,D-NO PUB-9999,57
CROMPTON,J-NO PUB-9999,COHEN,E-NO PUB-9999,95
SONG,H-NO PUB-9999,HALL,C-NO PUB-9999,6
OLIVER,R-NO PUB-9999,KOZAK,M-NO PUB-9999,130
UYSAL,M-NO PUB-9999,SMITH,S-NO PUB-9999,15
SHELDON,P-NO PUB-9999,GETZ,D-NO PUB-9999,26
SHELDON,P-NO PUB-9999,HAIR,J-NO PUB-9999,25
MACCANNELL,D-NO PUB-9999,KOTLER,P-NO PUB-9999,7
BRAMWELL,B-NO PUB-9999,APX,J-NO PUB-9999,7
UYSAL,M-NO PUB-9999,KOZAK,M-NO PUB-9999,28
SMITH,V-NO PUB-9999,SHELDON,P-NO PUB-9999,20
PARASURAMAN,A-NO PUB-9999,CROMPTON,J-NO PUB-9999,76
PEARCE,P-NO PUB-9999,KOTLER,P-NO PUB-9999,36
SONG,H-NO PUB-9999,CROMPTON,J-NO PUB-9999,3
PIZAM,A-NO PUB-9999,PERDUE,R-NO PUB-9999,115
MURPHY,P-NO PUB-9999,ECHTNER,C-NO PUB-9999,25
WOODSIDE,A-NO PUB-9999,WITT,S-NO PUB-9999,16
HALL,C-NO PUB-9999,BUTLER,R-NO PUB-9999,233
CROMPTON,J-NO PUB-9999,BRAMWELL,B-NO PUB-9999,37
OPPERMANN,M-NO PUB-9999,BUHALIS,D-NO PUB-9999,38
SMITH,V-NO PUB-9999,PARASURAMAN,A-NO PUB-9999,7
OLIVER,R-NO PUB-9999,ASHWORTH,G-NO PUB-9999,14
SONG,H-NO PUB-9999,MCKERCHER,R-NO PUB-9999,5
BUHALIS,D-NO PUB-9999,ASHWORTH,G-NO PUB-9999,9
BUHALIS,D-NO PUB-9999,BUHALIS,D-NO PUB-9999,269
SONG,H-NO PUB-9999,PIZAM,A-NO PUB-9999,11
MACCANNELL,D-NO PUB-9999,CROMPTON,J-NO PUB-9999,28
MACCANNELL,D-NO PUB-9999,DANN,G-NO PUB-9999,118
OLIVER,R-NO PUB-9999,GARTNER,W-NO PUB-9999,31
ASHWORTH,G-NO PUB-9999,APX,J-NO PUB-9999,8
WITT,S-NO PUB-9999,BUTLER,R-NO PUB-9999,18
COHEN,E-NO PUB-9999,BALOGLU,S-NO PUB-9999,33
PEARCE,D-NO PUB-9999,GETZ,D-NO PUB-9999,84
SHELDON,P-NO PUB-9999,DANN,G-NO PUB-9999,34
RITCHIE,J-NO PUB-9999,OPPERMANN,M-NO PUB-9999,32
PEARCE,D-NO PUB-9999,HAIR,J-NO PUB-9999,14
SONG,H-NO PUB-9999,RYAN,C-NO PUB-9999,7
SONG,H-NO PUB-9999,SHELDON,P-NO PUB-9999,24
SONG,H-NO PUB-9999,SMITH,V-NO PUB-9999,2
RYAN,C-NO PUB-9999,HALL,C-NO PUB-9999,174
SHELDON,P-NO PUB-9999,ECHTNER,C-NO PUB-9999,6
OLIVER,R-NO PUB-9999,BALOGLU,S-NO PUB-9999,90
URRY,J-NO PUB-9999,MCKERCHER,R-NO PUB-9999,38
PAGE,S-NO PUB-9999,HALL,C-NO PUB-9999,350
WITT,S-NO PUB-9999,ECHTNER,C-NO PUB-9999,4
RITCHIE,J-NO PUB-9999,HALL,C-NO PUB-9999,157
RITCHIE,J-NO PUB-9999,COHEN,E-NO PUB-9999,41
PEARCE,P-NO PUB-9999,PEARCE,P-NO PUB-9999,177
WOODSIDE,A-NO PUB-9999,COHEN,E-NO PUB-9999,62
WOODSIDE,A-NO PUB-9999,WEAVER,D-NO PUB-9999,3
SMITH,S-NO PUB-9999,OLIVER,R-NO PUB-9999,7
CROMPTON,J-NO PUB-9999,BUTLER,R-NO PUB-9999,19
WEAVER,D-NO PUB-9999,CROUCH,G-NO PUB-9999,3
PERDUE,R-NO PUB-9999,GARTNER,W-NO PUB-9999,24
PEARCE,P-NO PUB-9999,PEARCE,D-NO PUB-9999,43
SMITH,S-NO PUB-9999,ECHTNER,C-NO PUB-9999,13
MACCANNELL,D-NO PUB-9999,MACCANNELL,D-NO PUB-9999,67
PERDUE,R-NO PUB-9999,BALOGLU,S-NO PUB-9999,24
KOTLER,P-NO PUB-9999,GETZ,D-NO PUB-9999,20
RYAN,C-NO PUB-9999,MCKERCHER,R-NO PUB-9999,96
OLIVER,R-NO PUB-9999,KOTLER,P-NO PUB-9999,45
KOTLER,P-NO PUB-9999,HAIR,J-NO PUB-9999,34
PERDUE,R-NO PUB-9999,COHEN,E-NO PUB-9999,26
OLIVER,R-NO PUB-9999,GUNN,C-NO PUB-9999,8
PEARCE,P-NO PUB-9999,PARASURAMAN,A-NO PUB-9999,28
SHELDON,P-NO PUB-9999,PAGE,S-NO PUB-9999,18
WITT,S-NO PUB-9999,PEARCE,P-NO PUB-9999,9
HALL,C-NO PUB-9999,GUNN,C-NO PUB-9999,69
PRENTICE,R-NO PUB-9999,GARTNER,W-NO PUB-9999,44
UYSAL,M-NO PUB-9999,SMITH,V-NO PUB-9999,1
UYSAL,M-NO PUB-9999,MURPHY,P-NO PUB-9999,16
ECHTNER,C-NO PUB-9999,APX,J-NO PUB-9999,1
WITT,S-NO PUB-9999,PEARCE,D-NO PUB-9999,13
URRY,J-NO PUB-9999,URRY,J-NO PUB-9999,76
PARASURAMAN,A-NO PUB-9999,OLIVER,R-NO PUB-9999,185
HAIR,J-NO PUB-9999,GARTNER,W-NO PUB-9999,55
PRENTICE,R-NO PUB-9999,BALOGLU,S-NO PUB-9999,59
OPPERMANN,M-NO PUB-9999,APX,J-NO PUB-9999,9
SHELDON,P-NO PUB-9999,RITCHIE,J-NO PUB-9999,49
WOODSIDE,A-NO PUB-9999,KOTLER,P-NO PUB-9999,60
PIZAM,A-NO PUB-9999,BUHALIS,D-NO PUB-9999,22
OPPERMANN,M-NO PUB-9999,CROUCH,G-NO PUB-9999,37
WITT,S-NO PUB-9999,RITCHIE,J-NO PUB-9999,18
WITT,S-NO PUB-9999,HALL,C-NO PUB-9999,26
SMITH,S-NO PUB-9999,BRAMWELL,B-NO PUB-9999,17
HAIR,J-NO PUB-9999,GUNN,C-NO PUB-9999,19
WEAVER,D-NO PUB-9999,OPPERMANN,M-NO PUB-9999,29
HAIR,J-NO PUB-9999,BALOGLU,S-NO PUB-9999,69
DANN,G-NO PUB-9999,ASHWORTH,G-NO PUB-9999,37
PERDUE,R-NO PUB-9999,HAIR,J-NO PUB-9999,35
KOTLER,P-NO PUB-9999,DANN,G-NO PUB-9999,26
PEARCE,P-NO PUB-9999,APX,J-NO PUB-9999,44
MCKERCHER,R-NO PUB-9999,GETZ,D-NO PUB-9999,75
MCKERCHER,R-NO PUB-9999,HAIR,J-NO PUB-9999,11
WOODSIDE,A-NO PUB-9999,RITCHIE,J-NO PUB-9999,43
PRENTICE,R-NO PUB-9999,OLIVER,R-NO PUB-9999,7
RYAN,C-NO PUB-9999,COHEN,E-NO PUB-9999,239
PEARCE,D-NO PUB-9999,CROMPTON,J-NO PUB-9999,34
SMITH,V-NO PUB-9999,BUTLER,R-NO PUB-9999,72
OPPERMANN,M-NO PUB-9999,GUNN,C-NO PUB-9999,42
PIZAM,A-NO PUB-9999,PARASURAMAN,A-NO PUB-9999,65
PARASURAMAN,A-NO PUB-9999,COHEN,E-NO PUB-9999,17
PAGE,S-NO PUB-9999,MCKERCHER,R-NO PUB-9999,66
SONG,H-NO PUB-9999,KOZAK,M-NO PUB-9999,12
SMITH,V-NO PUB-9999,GETZ,D-NO PUB-9999,24
SMITH,V-NO PUB-9999,HAIR,J-NO PUB-9999,12
GARTNER,W-NO PUB-9999,BUHALIS,D-NO PUB-9999,30
SHELDON,P-NO PUB-9999,PERDUE,R-NO PUB-9999,54
SHELDON,P-NO PUB-9999,BALOGLU,S-NO PUB-9999,9
WOODSIDE,A-NO PUB-9999,PEARCE,P-NO PUB-9999,90
WITT,S-NO PUB-9999,RYAN,C-NO PUB-9999,15
PERDUE,R-NO PUB-9999,DANN,G-NO PUB-9999,15
WITT,S-NO PUB-9999,BALOGLU,S-NO PUB-9999,3
MURPHY,P-NO PUB-9999,MURPHY,P-NO PUB-9999,52
WEAVER,D-NO PUB-9999,BRAMWELL,B-NO PUB-9999,12
MCKERCHER,R-NO PUB-9999,DANN,G-NO PUB-9999,32
WOODSIDE,A-NO PUB-9999,GARTNER,W-NO PUB-9999,129
PRENTICE,R-NO PUB-9999,MACCANNELL,D-NO PUB-9999,35
UYSAL,M-NO PUB-9999,URRY,J-NO PUB-9999,2
WOODSIDE,A-NO PUB-9999,HAIR,J-NO PUB-9999,63
PRENTICE,R-NO PUB-9999,HALL,C-NO PUB-9999,39
SONG,H-NO PUB-9999,GUNN,C-NO PUB-9999,1
WOODSIDE,A-NO PUB-9999,PEARCE,D-NO PUB-9999,41
WOODSIDE,A-NO PUB-9999,SONG,H-NO PUB-9999,3
SMITH,V-NO PUB-9999,ECHTNER,C-NO PUB-9999,8
KOTLER,P-NO PUB-9999,KOTLER,P-NO PUB-9999,22
GARTNER,W-NO PUB-9999,CROMPTON,J-NO PUB-9999,236
GUNN,C-NO PUB-9999,CROUCH,G-NO PUB-9999,13
WEAVER,D-NO PUB-9999,BUHALIS,D-NO PUB-9999,13
MURPHY,P-NO PUB-9999,MACCANNELL,D-NO PUB-9999,18
WITT,S-NO PUB-9999,BRAMWELL,B-NO PUB-9999,6
WOODSIDE,A-NO PUB-9999,BALOGLU,S-NO PUB-9999,158
WEAVER,D-NO PUB-9999,APX,J-NO PUB-9999,14
PEARCE,P-NO PUB-9999,BRAMWELL,B-NO PUB-9999,32
PIZAM,A-NO PUB-9999,HAIR,J-NO PUB-9999,82
RITCHIE,J-NO PUB-9999,OLIVER,R-NO PUB-9999,11
OLIVER,R-NO PUB-9999,COHEN,E-NO PUB-9999,11
PARASURAMAN,A-NO PUB-9999,MURPHY,P-NO PUB-9999,23
CROUCH,G-NO PUB-9999,BRAMWELL,B-NO PUB-9999,13
MACCANNELL,D-NO PUB-9999,BUTLER,R-NO PUB-9999,39
PARASURAMAN,A-NO PUB-9999,MACCANNELL,D-NO PUB-9999,6
PAGE,S-NO PUB-9999,KOZAK,M-NO PUB-9999,9
SHELDON,P-NO PUB-9999,KOTLER,P-NO PUB-9999,7
ECHTNER,C-NO PUB-9999,BUTLER,R-NO PUB-9999,24
UYSAL,M-NO PUB-9999,COHEN,E-NO PUB-9999,11
SMITH,V-NO PUB-9999,PEARCE,P-NO PUB-9999,68
PEARCE,P-NO PUB-9999,BUTLER,R-NO PUB-9999,66
WEAVER,D-NO PUB-9999,SHELDON,P-NO PUB-9999,7
WOODSIDE,A-NO PUB-9999,DANN,G-NO PUB-9999,69
OPPERMANN,M-NO PUB-9999,CROMPTON,J-NO PUB-9999,101
PERDUE,R-NO PUB-9999,PAGE,S-NO PUB-9999,4
SMITH,V-NO PUB-9999,PEARCE,D-NO PUB-9999,42
PIZAM,A-NO PUB-9999,OPPERMANN,M-NO PUB-9999,71
SONG,H-NO PUB-9999,ECHTNER,C-NO PUB-9999,4
UYSAL,M-NO PUB-9999,CROUCH,G-NO PUB-9999,48
KOZAK,M-NO PUB-9999,ECHTNER,C-NO PUB-9999,35
HAIR,J-NO PUB-9999,ASHWORTH,G-NO PUB-9999,9
PAGE,S-NO PUB-9999,BRAMWELL,B-NO PUB-9999,38
RYAN,C-NO PUB-9999,GUNN,C-NO PUB-9999,65
PRENTICE,R-NO PUB-9999,MURPHY,P-NO PUB-9999,27
WEAVER,D-NO PUB-9999,PARASURAMAN,A-NO PUB-9999,2
WOODSIDE,A-NO PUB-9999,UYSAL,M-NO PUB-9999,22
PAGE,S-NO PUB-9999,GUNN,C-NO PUB-9999,19
URRY,J-NO PUB-9999,KOTLER,P-NO PUB-9999,13
SMITH,V-NO PUB-9999,OPPERMANN,M-NO PUB-9999,20
URRY,J-NO PUB-9999,SMITH,S-NO PUB-9999,21
PIZAM,A-NO PUB-9999,DANN,G-NO PUB-9999,65
SMITH,V-NO PUB-9999,RITCHIE,J-NO PUB-9999,14
RITCHIE,J-NO PUB-9999,GUNN,C-NO PUB-9999,55
WITT,S-NO PUB-9999,PIZAM,A-NO PUB-9999,29
KOZAK,M-NO PUB-9999,KOZAK,M-NO PUB-9999,72
RITCHIE,J-NO PUB-9999,ASHWORTH,G-NO PUB-9999,24
PIZAM,A-NO PUB-9999,KOTLER,P-NO PUB-9999,26
ASHWORTH,G-NO PUB-9999,ASHWORTH,G-NO PUB-9999,62
WEAVER,D-NO PUB-9999,GETZ,D-NO PUB-9999,51
KOZAK,M-NO PUB-9999,ASHWORTH,G-NO PUB-9999,7
WEAVER,D-NO PUB-9999,HAIR,J-NO PUB-9999,21
URRY,J-NO PUB-9999,BUHALIS,D-NO PUB-9999,6
CROUCH,G-NO PUB-9999,BALOGLU,S-NO PUB-9999,21
WOODSIDE,A-NO PUB-9999,PAGE,S-NO PUB-9999,12
GETZ,D-NO PUB-9999,GARTNER,W-NO PUB-9999,26
OPPERMANN,M-NO PUB-9999,OPPERMANN,M-NO PUB-9999,167
SONG,H-NO PUB-9999,RITCHIE,J-NO PUB-9999,6
GETZ,D-NO PUB-9999,BALOGLU,S-NO PUB-9999,15
WEAVER,D-NO PUB-9999,UYSAL,M-NO PUB-9999,23
OLIVER,R-NO PUB-9999,MCKERCHER,R-NO PUB-9999,7
OLIVER,R-NO PUB-9999,BUTLER,R-NO PUB-9999,7
PEARCE,D-NO PUB-9999,DANN,G-NO PUB-9999,34
PIZAM,A-NO PUB-9999,PAGE,S-NO PUB-9999,35
GETZ,D-NO PUB-9999,COHEN,E-NO PUB-9999,55
MURPHY,P-NO PUB-9999,CROUCH,G-NO PUB-9999,16
OLIVER,R-NO PUB-9999,APX,J-NO PUB-9999,8
SMITH,V-NO PUB-9999,BALOGLU,S-NO PUB-9999,9
RITCHIE,J-NO PUB-9999,MURPHY,P-NO PUB-9999,80
PARASURAMAN,A-NO PUB-9999,GARTNER,W-NO PUB-9999,21
SMITH,S-NO PUB-9999,ASHWORTH,G-NO PUB-9999,23
WITT,S-NO PUB-9999,GUNN,C-NO PUB-9999,9
URRY,J-NO PUB-9999,SHELDON,P-NO PUB-9999,14
WEAVER,D-NO PUB-9999,PERDUE,R-NO PUB-9999,17
URRY,J-NO PUB-9999,PEARCE,D-NO PUB-9999,44
WEAVER,D-NO PUB-9999,DANN,G-NO PUB-9999,15
PARASURAMAN,A-NO PUB-9999,BALOGLU,S-NO PUB-9999,36
OLIVER,R-NO PUB-9999,GETZ,D-NO PUB-9999,14
MACCANNELL,D-NO PUB-9999,BRAMWELL,B-NO PUB-9999,14
WOODSIDE,A-NO PUB-9999,BUTLER,R-NO PUB-9999,15
MURPHY,P-NO PUB-9999,GARTNER,W-NO PUB-9999,40
MCKERCHER,R-NO PUB-9999,MACCANNELL,D-NO PUB-9999,25
PEARCE,P-NO PUB-9999,GETZ,D-NO PUB-9999,59
PERDUE,R-NO PUB-9999,CROMPTON,J-NO PUB-9999,43
PEARCE,P-NO PUB-9999,HAIR,J-NO PUB-9999,55
PARASURAMAN,A-NO PUB-9999,CROUCH,G-NO PUB-9999,6
RITCHIE,J-NO PUB-9999,BUHALIS,D-NO PUB-9999,49
PIZAM,A-NO PUB-9999,PEARCE,D-NO PUB-9999,32
PEARCE,D-NO PUB-9999,MURPHY,P-NO PUB-9999,93
URRY,J-NO PUB-9999,PIZAM,A-NO PUB-9999,27
MCKERCHER,R-NO PUB-9999,BRAMWELL,B-NO PUB-9999,23
MURPHY,P-NO PUB-9999,BALOGLU,S-NO PUB-9999,31
PRENTICE,R-NO PUB-9999,PARASURAMAN,A-NO PUB-9999,5
GETZ,D-NO PUB-9999,CROMPTON,J-NO PUB-9999,145
PRENTICE,R-NO PUB-9999,APX,J-NO PUB-9999,13
KOZAK,M-NO PUB-9999,BALOGLU,S-NO PUB-9999,80
URRY,J-NO PUB-9999,SMITH,V-NO PUB-9999,58
SMITH,S-NO PUB-9999,RITCHIE,J-NO PUB-9999,19
ECHTNER,C-NO PUB-9999,COHEN,E-NO PUB-9999,42
PEARCE,D-NO PUB-9999,PAGE,S-NO PUB-9999,118
PEARCE,D-NO PUB-9999,PARASURAMAN,A-NO PUB-9999,7
UYSAL,M-NO PUB-9999,BUHALIS,D-NO PUB-9999,8
PEARCE,D-NO PUB-9999,BUHALIS,D-NO PUB-9999,138
MCKERCHER,R-NO PUB-9999,CROUCH,G-NO PUB-9999,8
GUNN,C-NO PUB-9999,CROMPTON,J-NO PUB-9999,84
WEAVER,D-NO PUB-9999,ASHWORTH,G-NO PUB-9999,11
BUTLER,R-NO PUB-9999,BUHALIS,D-NO PUB-9999,34
SHELDON,P-NO PUB-9999,GARTNER,W-NO PUB-9999,11
WEAVER,D-NO PUB-9999,PAGE,S-NO PUB-9999,41
PEARCE,P-NO PUB-9999,BUHALIS,D-NO PUB-9999,11
SONG,H-NO PUB-9999,PERDUE,R-NO PUB-9999,1
PRENTICE,R-NO PUB-9999,GUNN,C-NO PUB-9999,34
WITT,S-NO PUB-9999,SMITH,S-NO PUB-9999,11
WITT,S-NO PUB-9999,GARTNER,W-NO PUB-9999,17
PEARCE,P-NO PUB-9999,DANN,G-NO PUB-9999,180
PIZAM,A-NO PUB-9999,BRAMWELL,B-NO PUB-9999,24
MURPHY,P-NO PUB-9999,BRAMWELL,B-NO PUB-9999,39
URRY,J-NO PUB-9999,HALL,C-NO PUB-9999,114
PERDUE,R-NO PUB-9999,OLIVER,R-NO PUB-9999,20
SMITH,S-NO PUB-9999,MURPHY,P-NO PUB-9999,22
WITT,S-NO PUB-9999,KOZAK,M-NO PUB-9999,11
PRENTICE,R-NO PUB-9999,OPPERMANN,M-NO PUB-9999,24
RYAN,C-NO PUB-9999,PERDUE,R-NO PUB-9999,41
MACCANNELL,D-NO PUB-9999,KOZAK,M-NO PUB-9999,4
PRENTICE,R-NO PUB-9999,CROMPTON,J-NO PUB-9999,74
PRENTICE,R-NO PUB-9999,PRENTICE,R-NO PUB-9999,162
PEARCE,P-NO PUB-9999,ASHWORTH,G-NO PUB-9999,45
SMITH,S-NO PUB-9999,GARTNER,W-NO PUB-9999,25
CROUCH,G-NO PUB-9999,ASHWORTH,G-NO PUB-9999,7
SHELDON,P-NO PUB-9999,MCKERCHER,R-NO PUB-9999,24
KOTLER,P-NO PUB-9999,BUTLER,R-NO PUB-9999,22
WEAVER,D-NO PUB-9999,ECHTNER,C-NO PUB-9999,5
SMITH,S-NO PUB-9999,BALOGLU,S-NO PUB-9999,8
RYAN,C-NO PUB-9999,CROMPTON,J-NO PUB-9999,149
RYAN,C-NO PUB-9999,PRENTICE,R-NO PUB-9999,63
RITCHIE,J-NO PUB-9999,MACCANNELL,D-NO PUB-9999,12
CROMPTON,J-NO PUB-9999,ASHWORTH,G-NO PUB-9999,47
SONG,H-NO PUB-9999,KOTLER,P-NO PUB-9999,4
MURPHY,P-NO PUB-9999,GETZ,D-NO PUB-9999,71
HALL,C-NO PUB-9999,BUHALIS,D-NO PUB-9999,57
MURPHY,P-NO PUB-9999,HAIR,J-NO PUB-9999,23
SMITH,V-NO PUB-9999,DANN,G-NO PUB-9999,51
RITCHIE,J-NO PUB-9999,APX,J-NO PUB-9999,102
ECHTNER,C-NO PUB-9999,BUHALIS,D-NO PUB-9999,15
SHELDON,P-NO PUB-9999,BUTLER,R-NO PUB-9999,28
PAGE,S-NO PUB-9999,BUHALIS,D-NO PUB-9999,52
PAGE,S-NO PUB-9999,COHEN,E-NO PUB-9999,47
PARASURAMAN,A-NO PUB-9999,GETZ,D-NO PUB-9999,12
RYAN,C-NO PUB-9999,KOTLER,P-NO PUB-9999,34
URRY,J-NO PUB-9999,RYAN,C-NO PUB-9999,117
PARASURAMAN,A-NO PUB-9999,HAIR,J-NO PUB-9999,63
RITCHIE,J-NO PUB-9999,CROUCH,G-NO PUB-9999,43
GARTNER,W-NO PUB-9999,DANN,G-NO PUB-9999,107
DANN,G-NO PUB-9999,CROUCH,G-NO PUB-9999,10
RYAN,C-NO PUB-9999,BUHALIS,D-NO PUB-9999,52
APX,J-NO PUB-9999,APX,J-NO PUB-9999,76
PIZAM,A-NO PUB-9999,PIZAM,A-NO PUB-9999,171
OPPERMANN,M-NO PUB-9999,ECHTNER,C-NO PUB-9999,36
GETZ,D-NO PUB-9999,GETZ,D-NO PUB-9999,266
URRY,J-NO PUB-9999,BUTLER,R-NO PUB-9999,69
URRY,J-NO PUB-9999,BRAMWELL,B-NO PUB-9999,27
MURPHY,P-NO PUB-9999,DANN,G-NO PUB-9999,13
PEARCE,D-NO PUB-9999,CROUCH,G-NO PUB-9999,17
URRY,J-NO PUB-9999,KOZAK,M-NO PUB-9999,13
KOZAK,M-NO PUB-9999,COHEN,E-NO PUB-9999,27
UYSAL,M-NO PUB-9999,PERDUE,R-NO PUB-9999,13
SMITH,V-NO PUB-9999,PAGE,S-NO PUB-9999,9
PARASURAMAN,A-NO PUB-9999,DANN,G-NO PUB-9999,6
PAGE,S-NO PUB-9999,KOTLER,P-NO PUB-9999,10
GARTNER,W-NO PUB-9999,BRAMWELL,B-NO PUB-9999,47
PERDUE,R-NO PUB-9999,MURPHY,P-NO PUB-9999,63
WITT,S-NO PUB-9999,SMITH,V-NO PUB-9999,6
PIZAM,A-NO PUB-9999,BUTLER,R-NO PUB-9999,76
MACCANNELL,D-NO PUB-9999,APX,J-NO PUB-9999,6
DANN,G-NO PUB-9999,BALOGLU,S-NO PUB-9999,114
CROUCH,G-NO PUB-9999,APX,J-NO PUB-9999,3
SHELDON,P-NO PUB-9999,PEARCE,P-NO PUB-9999,35
SMITH,V-NO PUB-9999,APX,J-NO PUB-9999,18
URRY,J-NO PUB-9999,ECHTNER,C-NO PUB-9999,34
WOODSIDE,A-NO PUB-9999,URRY,J-NO PUB-9999,16
SHELDON,P-NO PUB-9999,PEARCE,D-NO PUB-9999,24
PEARCE,P-NO PUB-9999,OLIVER,R-NO PUB-9999,43
KOZAK,M-NO PUB-9999,HALL,C-NO PUB-9999,12
GETZ,D-NO PUB-9999,DANN,G-NO PUB-9999,44
GARTNER,W-NO PUB-9999,CROUCH,G-NO PUB-9999,22
SMITH,V-NO PUB-9999,GARTNER,W-NO PUB-9999,9
UYSAL,M-NO PUB-9999,RYAN,C-NO PUB-9999,31
PARASURAMAN,A-NO PUB-9999,BRAMWELL,B-NO PUB-9999,3
SMITH,S-NO PUB-9999,CROUCH,G-NO PUB-9999,15
COHEN,E-NO PUB-9999,BRAMWELL,B-NO PUB-9999,30
SONG,H-NO PUB-9999,BRAMWELL,B-NO PUB-9999,4
MACCANNELL,D-NO PUB-9999,ASHWORTH,G-NO PUB-9999,40
KOTLER,P-NO PUB-9999,CROMPTON,J-NO PUB-9999,71
URRY,J-NO PUB-9999,PEARCE,P-NO PUB-9999,100
MCKERCHER,R-NO PUB-9999,MCKERCHER,R-NO PUB-9999,86
WEAVER,D-NO PUB-9999,WEAVER,D-NO PUB-9999,93
SMITH,S-NO PUB-9999,OPPERMANN,M-NO PUB-9999,30
MCKERCHER,R-NO PUB-9999,ASHWORTH,G-NO PUB-9999,18
PARASURAMAN,A-NO PUB-9999,PAGE,S-NO PUB-9999,2
WITT,S-NO PUB-9999,OLIVER,R-NO PUB-9999,2
OLIVER,R-NO PUB-9999,HAIR,J-NO PUB-9999,81
SMITH,V-NO PUB-9999,MACCANNELL,D-NO PUB-9999,95
PIZAM,A-NO PUB-9999,PEARCE,P-NO PUB-9999,158
HALL,C-NO PUB-9999,GETZ,D-NO PUB-9999,325
HALL,C-NO PUB-9999,HAIR,J-NO PUB-9999,29
SONG,H-NO PUB-9999,GARTNER,W-NO PUB-9999,3
KOZAK,M-NO PUB-9999,GARTNER,W-NO PUB-9999,32
PIZAM,A-NO PUB-9999,ECHTNER,C-NO PUB-9999,35
WOODSIDE,A-NO PUB-9999,CROMPTON,J-NO PUB-9999,212
WOODSIDE,A-NO PUB-9999,PRENTICE,R-NO PUB-9999,41
SHELDON,P-NO PUB-9999,PRENTICE,R-NO PUB-9999,10
ECHTNER,C-NO PUB-9999,DANN,G-NO PUB-9999,98
SONG,H-NO PUB-9999,BALOGLU,S-NO PUB-9999,6
RYAN,C-NO PUB-9999,PARASURAMAN,A-NO PUB-9999,71
HAIR,J-NO PUB-9999,GETZ,D-NO PUB-9999,35
PIZAM,A-NO PUB-9999,ASHWORTH,G-NO PUB-9999,18
HAIR,J-NO PUB-9999,HAIR,J-NO PUB-9999,1
MURPHY,P-NO PUB-9999,ASHWORTH,G-NO PUB-9999,36
PEARCE,P-NO PUB-9999,MCKERCHER,R-NO PUB-9999,29
GETZ,D-NO PUB-9999,BUTLER,R-NO PUB-9999,129
URRY,J-NO PUB-9999,GUNN,C-NO PUB-9999,31
OPPERMANN,M-NO PUB-9999,BALOGLU,S-NO PUB-9999,112
WEAVER,D-NO PUB-9999,KOTLER,P-NO PUB-9999,3
PIZAM,A-NO PUB-9999,KOZAK,M-NO PUB-9999,92
MACCANNELL,D-NO PUB-9999,HALL,C-NO PUB-9999,61
GARTNER,W-NO PUB-9999,COHEN,E-NO PUB-9999,38
OLIVER,R-NO PUB-9999,OLIVER,R-NO PUB-9999,192
OLIVER,R-NO PUB-9999,DANN,G-NO PUB-9999,23
PRENTICE,R-NO PUB-9999,CROUCH,G-NO PUB-9999,2
SMITH,S-NO PUB-9999,HALL,C-NO PUB-9999,101
ECHTNER,C-NO PUB-9999,CROMPTON,J-NO PUB-9999,144
WEAVER,D-NO PUB-9999,URRY,J-NO PUB-9999,15
KOZAK,M-NO PUB-9999,APX,J-NO PUB-9999,8
MACCANNELL,D-NO PUB-9999,BUHALIS,D-NO PUB-9999,5
WITT,S-NO PUB-9999,ASHWORTH,G-NO PUB-9999,1
PEARCE,P-NO PUB-9999,MURPHY,P-NO PUB-9999,55
GARTNER,W-NO PUB-9999,ECHTNER,C-NO PUB-9999,242
GUNN,C-NO PUB-9999,BUHALIS,D-NO PUB-9999,28
OPPERMANN,M-NO PUB-9999,GETZ,D-NO PUB-9999,62
OPPERMANN,M-NO PUB-9999,HAIR,J-NO PUB-9999,43
UYSAL,M-NO PUB-9999,SHELDON,P-NO PUB-9999,23
WOODSIDE,A-NO PUB-9999,OLIVER,R-NO PUB-9999,53
PERDUE,R-NO PUB-9999,CROUCH,G-NO PUB-9999,6
UYSAL,M-NO PUB-9999,UYSAL,M-NO PUB-9999,26
WITT,S-NO PUB-9999,PARASURAMAN,A-NO PUB-9999,1
WITT,S-NO PUB-9999,OPPERMANN,M-NO PUB-9999,13
OPPERMANN,M-NO PUB-9999,KOTLER,P-NO PUB-9999,34
PERDUE,R-NO PUB-9999,BRAMWELL,B-NO PUB-9999,10
HALL,C-NO PUB-9999,CROMPTON,J-NO PUB-9999,79
SONG,H-NO PUB-9999,GETZ,D-NO PUB-9999,4
SONG,H-NO PUB-9999,HAIR,J-NO PUB-9999,1
SONG,H-NO PUB-9999,BUTLER,R-NO PUB-9999,21
WITT,S-NO PUB-9999,MURPHY,P-NO PUB-9999,2
BRAMWELL,B-NO PUB-9999,BRAMWELL,B-NO PUB-9999,65
MURPHY,P-NO PUB-9999,APX,J-NO PUB-9999,88
SONG,H-NO PUB-9999,SONG,H-NO PUB-9999,163
PERDUE,R-NO PUB-9999,MCKERCHER,R-NO PUB-9999,13
SMITH,V-NO PUB-9999,CROMPTON,J-NO PUB-9999,20
GETZ,D-NO PUB-9999,BRAMWELL,B-NO PUB-9999,90
SHELDON,P-NO PUB-9999,RYAN,C-NO PUB-9999,47
KOTLER,P-NO PUB-9999,BUHALIS,D-NO PUB-9999,35
SMITH,V-NO PUB-9999,PRENTICE,R-NO PUB-9999,13
SMITH,S-NO PUB-9999,RYAN,C-NO PUB-9999,54
PAGE,S-NO PUB-9999,ASHWORTH,G-NO PUB-9999,62
PEARCE,P-NO PUB-9999,PAGE,S-NO PUB-9999,28
UYSAL,M-NO PUB-9999,CROMPTON,J-NO PUB-9999,94
WEAVER,D-NO PUB-9999,PEARCE,D-NO PUB-9999,38
RYAN,C-NO PUB-9999,BUTLER,R-NO PUB-9999,108
UYSAL,M-NO PUB-9999,PRENTICE,R-NO PUB-9999,12
URRY,J-NO PUB-9999,ASHWORTH,G-NO PUB-9999,49
ECHTNER,C-NO PUB-9999,ECHTNER,C-NO PUB-9999,50
OPPERMANN,M-NO PUB-9999,DANN,G-NO PUB-9999,42
PAGE,S-NO PUB-9999,ECHTNER,C-NO PUB-9999,17
PEARCE,D-NO PUB-9999,BRAMWELL,B-NO PUB-9999,43
BALOGLU,S-NO PUB-9999,ASHWORTH,G-NO PUB-9999,67
SMITH,V-NO PUB-9999,OLIVER,R-NO PUB-9999,1
GUNN,C-NO PUB-9999,BRAMWELL,B-NO PUB-9999,41
SHELDON,P-NO PUB-9999,PARASURAMAN,A-NO PUB-9999,10
SHELDON,P-NO PUB-9999,PIZAM,A-NO PUB-9999,84
RYAN,C-NO PUB-9999,ECHTNER,C-NO PUB-9999,62
GARTNER,W-NO PUB-9999,ASHWORTH,G-NO PUB-9999,90
UYSAL,M-NO PUB-9999,HALL,C-NO PUB-9999,26
UYSAL,M-NO PUB-9999,MACCANNELL,D-NO PUB-9999,5
PIZAM,A-NO PUB-9999,BALOGLU,S-NO PUB-9999,53
PEARCE,D-NO PUB-9999,KOZAK,M-NO PUB-9999,24
SONG,H-NO PUB-9999,OPPERMANN,M-NO PUB-9999,5
PEARCE,D-NO PUB-9999,MCKERCHER,R-NO PUB-9999,103
HAIR,J-NO PUB-9999,BUTLER,R-NO PUB-9999,24
UYSAL,M-NO PUB-9999,PARASURAMAN,A-NO PUB-9999,3
URRY,J-NO PUB-9999,COHEN,E-NO PUB-9999,276
RYAN,C-NO PUB-9999,GETZ,D-NO PUB-9999,131
RYAN,C-NO PUB-9999,HAIR,J-NO PUB-9999,58
WEAVER,D-NO PUB-9999,RITCHIE,J-NO PUB-9999,6
SONG,H-NO PUB-9999,PEARCE,P-NO PUB-9999,1
PAGE,S-NO PUB-9999,GETZ,D-NO PUB-9999,60
KOZAK,M-NO PUB-9999,GUNN,C-NO PUB-9999,19
PAGE,S-NO PUB-9999,BUTLER,R-NO PUB-9999,70
PAGE,S-NO PUB-9999,HAIR,J-NO PUB-9999,4
RITCHIE,J-NO PUB-9999,GETZ,D-NO PUB-9999,191
RITCHIE,J-NO PUB-9999,HAIR,J-NO PUB-9999,37
KOZAK,M-NO PUB-9999,CROUCH,G-NO PUB-9999,25
PARASURAMAN,A-NO PUB-9999,ASHWORTH,G-NO PUB-9999,9
COHEN,E-NO PUB-9999,ASHWORTH,G-NO PUB-9999,59
CROUCH,G-NO PUB-9999,BUTLER,R-NO PUB-9999,25
SONG,H-NO PUB-9999,PEARCE,D-NO PUB-9999,9
BUTLER,R-NO PUB-9999,APX,J-NO PUB-9999,75
RYAN,C-NO PUB-9999,PEARCE,P-NO PUB-9999,230
URRY,J-NO PUB-9999,OPPERMANN,M-NO PUB-9999,30
WOODSIDE,A-NO PUB-9999,MURPHY,P-NO PUB-9999,20
PARASURAMAN,A-NO PUB-9999,MCKERCHER,R-NO PUB-9999,3
UYSAL,M-NO PUB-9999,MCKERCHER,R-NO PUB-9999,6
HAIR,J-NO PUB-9999,APX,J-NO PUB-9999,44
RYAN,C-NO PUB-9999,PEARCE,D-NO PUB-9999,71
SHELDON,P-NO PUB-9999,MACCANNELL,D-NO PUB-9999,7
MCKERCHER,R-NO PUB-9999,APX,J-NO PUB-9999,6
WEAVER,D-NO PUB-9999,GARTNER,W-NO PUB-9999,6
RYAN,C-NO PUB-9999,DANN,G-NO PUB-9999,125
OPPERMANN,M-NO PUB-9999,BRAMWELL,B-NO PUB-9999,12
UYSAL,M-NO PUB-9999,KOTLER,P-NO PUB-9999,14
SMITH,S-NO PUB-9999,PIZAM,A-NO PUB-9999,19
HALL,C-NO PUB-9999,CROUCH,G-NO PUB-9999,16
URRY,J-NO PUB-9999,OLIVER,R-NO PUB-9999,2
RYAN,C-NO PUB-9999,OPPERMANN,M-NO PUB-9999,73
RITCHIE,J-NO PUB-9999,DANN,G-NO PUB-9999,44
WEAVER,D-NO PUB-9999,BALOGLU,S-NO PUB-9999,9
BALOGLU,S-NO PUB-9999,APX,J-NO PUB-9999,3
SMITH,V-NO PUB-9999,MURPHY,P-NO PUB-9999,31
PEARCE,P-NO PUB-9999,KOZAK,M-NO PUB-9999,48
WITT,S-NO PUB-9999,GETZ,D-NO PUB-9999,12
WITT,S-NO PUB-9999,HAIR,J-NO PUB-9999,6
WITT,S-NO PUB-9999,CROUCH,G-NO PUB-9999,134
WITT,S-NO PUB-9999,SONG,H-NO PUB-9999,251
PIZAM,A-NO PUB-9999,OLIVER,R-NO PUB-9999,57
OLIVER,R-NO PUB-9999,CROMPTON,J-NO PUB-9999,87
CROMPTON,J-NO PUB-9999,BUHALIS,D-NO PUB-9999,17
SHELDON,P-NO PUB-9999,CROMPTON,J-NO PUB-9999,22
MACCANNELL,D-NO PUB-9999,GUNN,C-NO PUB-9999,35
WOODSIDE,A-NO PUB-9999,MCKERCHER,R-NO PUB-9999,12
PIZAM,A-NO PUB-9999,MACCANNELL,D-NO PUB-9999,28
OPPERMANN,M-NO PUB-9999,GARTNER,W-NO PUB-9999,58
RITCHIE,J-NO PUB-9999,ECHTNER,C-NO PUB-9999,39
URRY,J-NO PUB-9999,RITCHIE,J-NO PUB-9999,17
SMITH,S-NO PUB-9999,GUNN,C-NO PUB-9999,23
RYAN,C-NO PUB-9999,MACCANNELL,D-NO PUB-9999,88
PRENTICE,R-NO PUB-9999,BUHALIS,D-NO PUB-9999,6
RYAN,C-NO PUB-9999,PAGE,S-NO PUB-9999,109
MCKERCHER,R-NO PUB-9999,BUHALIS,D-NO PUB-9999,18
WEAVER,D-NO PUB-9999,BUTLER,R-NO PUB-9999,126
UYSAL,M-NO PUB-9999,ECHTNER,C-NO PUB-9999,20
PEARCE,D-NO PUB-9999,ECHTNER,C-NO PUB-9999,18
RITCHIE,J-NO PUB-9999,PAGE,S-NO PUB-9999,15
HAIR,J-NO PUB-9999,BUHALIS,D-NO PUB-9999,25
HALL,C-NO PUB-9999,COHEN,E-NO PUB-9999,154
SHELDON,P-NO PUB-9999,HALL,C-NO PUB-9999,29
GUNN,C-NO PUB-9999,GUNN,C-NO PUB-9999,28
BUHALIS,D-NO PUB-9999,BALOGLU,S-NO PUB-9999,76
HALL,C-NO PUB-9999,DANN,G-NO PUB-9999,64
UYSAL,M-NO PUB-9999,PEARCE,D-NO PUB-9999,20
WITT,S-NO PUB-9999,WITT,S-NO PUB-9999,114
OPPERMANN,M-NO PUB-9999,MACCANNELL,D-NO PUB-9999,17
PEARCE,P-NO PUB-9999,ECHTNER,C-NO PUB-9999,80
SMITH,V-NO PUB-9999,PIZAM,A-NO PUB-9999,39
KOTLER,P-NO PUB-9999,BRAMWELL,B-NO PUB-9999,24
MURPHY,P-NO PUB-9999,KOTLER,P-NO PUB-9999,12
PERDUE,R-NO PUB-9999,ASHWORTH,G-NO PUB-9999,6
WITT,S-NO PUB-9999,COHEN,E-NO PUB-9999,19
PAGE,S-NO PUB-9999,OPPERMANN,M-NO PUB-9999,31
URRY,J-NO PUB-9999,GARTNER,W-NO PUB-9999,25
GUNN,C-NO PUB-9999,APX,J-NO PUB-9999,12
MACCANNELL,D-NO PUB-9999,ECHTNER,C-NO PUB-9999,22
MACCANNELL,D-NO PUB-9999,COHEN,E-NO PUB-9999,393
PRENTICE,R-NO PUB-9999,GETZ,D-NO PUB-9999,46
PIZAM,A-NO PUB-9999,APX,J-NO PUB-9999,128
PRENTICE,R-NO PUB-9999,HAIR,J-NO PUB-9999,12
BRAMWELL,B-NO PUB-9999,ASHWORTH,G-NO PUB-9999,40
GUNN,C-NO PUB-9999,ECHTNER,C-NO PUB-9999,85
WOODSIDE,A-NO PUB-9999,RYAN,C-NO PUB-9999,60
COHEN,E-NO PUB-9999,COHEN,E-NO PUB-9999,446
HAIR,J-NO PUB-9999,DANN,G-NO PUB-9999,36
GETZ,D-NO PUB-9999,ASHWORTH,G-NO PUB-9999,31
PRENTICE,R-NO PUB-9999,PERDUE,R-NO PUB-9999,14
RITCHIE,J-NO PUB-9999,MCKERCHER,R-NO PUB-9999,19
URRY,J-NO PUB-9999,BALOGLU,S-NO PUB-9999,25
OPPERMANN,M-NO PUB-9999,BUTLER,R-NO PUB-9999,69
PARASURAMAN,A-NO PUB-9999,PARASURAMAN,A-NO PUB-9999,150
RITCHIE,J-NO PUB-9999,RITCHIE,J-NO PUB-9999,156
PEARCE,D-NO PUB-9999,ASHWORTH,G-NO PUB-9999,94
PARASURAMAN,A-NO PUB-9999,KOTLER,P-NO PUB-9999,33
PEARCE,D-NO PUB-9999,HALL,C-NO PUB-9999,199
WEAVER,D-NO PUB-9999,PEARCE,P-NO PUB-9999,28
UYSAL,M-NO PUB-9999,RITCHIE,J-NO PUB-9999,47
HALL,C-NO PUB-9999,ECHTNER,C-NO PUB-9999,29
SMITH,S-NO PUB-9999,SMITH,S-NO PUB-9999,43
UYSAL,M-NO PUB-9999,GUNN,C-NO PUB-9999,24
KOTLER,P-NO PUB-9999,ECHTNER,C-NO PUB-9999,52
PIZAM,A-NO PUB-9999,MURPHY,P-NO PUB-9999,86
MCKERCHER,R-NO PUB-9999,KOTLER,P-NO PUB-9999,15
PIZAM,A-NO PUB-9999,GARTNER,W-NO PUB-9999,66
ECHTNER,C-NO PUB-9999,BRAMWELL,B-NO PUB-9999,30
SMITH,V-NO PUB-9999,CROUCH,G-NO PUB-9999,7
SONG,H-NO PUB-9999,DANN,G-NO PUB-9999,2
KOTLER,P-NO PUB-9999,HALL,C-NO PUB-9999,25
OLIVER,R-NO PUB-9999,MURPHY,P-NO PUB-9999,45
RITCHIE,J-NO PUB-9999,PERDUE,R-NO PUB-9999,65
PEARCE,D-NO PUB-9999,COHEN,E-NO PUB-9999,92
PRENTICE,R-NO PUB-9999,BRAMWELL,B-NO PUB-9999,16
GUNN,C-NO PUB-9999,BUTLER,R-NO PUB-9999,60
HALL,C-NO PUB-9999,APX,J-NO PUB-9999,31
WEAVER,D-NO PUB-9999,MCKERCHER,R-NO PUB-9999,41
UYSAL,M-NO PUB-9999,BALOGLU,S-NO PUB-9999,36
HAIR,J-NO PUB-9999,COHEN,E-NO PUB-9999,33
URRY,J-NO PUB-9999,APX,J-NO PUB-9999,12
WEAVER,D-NO PUB-9999,RYAN,C-NO PUB-9999,41
HALL,C-NO PUB-9999,BRAMWELL,B-NO PUB-9999,160
RYAN,C-NO PUB-9999,BRAMWELL,B-NO PUB-9999,35
GARTNER,W-NO PUB-9999,GARTNER,W-NO PUB-9999,170
OPPERMANN,M-NO PUB-9999,ASHWORTH,G-NO PUB-9999,25
SHELDON,P-NO PUB-9999,OLIVER,R-NO PUB-9999,6
KOZAK,M-NO PUB-9999,GETZ,D-NO PUB-9999,6
COHEN,E-NO PUB-9999,BUHALIS,D-NO PUB-9999,13
PEARCE,P-NO PUB-9999,BALOGLU,S-NO PUB-9999,105
SMITH,V-NO PUB-9999,SMITH,S-NO PUB-9999,16
PERDUE,R-NO PUB-9999,HALL,C-NO PUB-9999,14
WITT,S-NO PUB-9999,MACCANNELL,D-NO PUB-9999,4
COHEN,E-NO PUB-9999,APX,J-NO PUB-9999,40
MACCANNELL,D-NO PUB-9999,CROUCH,G-NO PUB-9999,4
OLIVER,R-NO PUB-9999,BUHALIS,D-NO PUB-9999,8
GARTNER,W-NO PUB-9999,BALOGLU,S-NO PUB-9999,352
MCKERCHER,R-NO PUB-9999,HALL,C-NO PUB-9999,139
ECHTNER,C-NO PUB-9999,CROUCH,G-NO PUB-9999,15
RITCHIE,J-NO PUB-9999,KOTLER,P-NO PUB-9999,21
PEARCE,P-NO PUB-9999,CROUCH,G-NO PUB-9999,10
SONG,H-NO PUB-9999,PAGE,S-NO PUB-9999,5
RYAN,C-NO PUB-9999,RITCHIE,J-NO PUB-9999,86
SONG,H-NO PUB-9999,PARASURAMAN,A-NO PUB-9999,3
WOODSIDE,A-NO PUB-9999,PIZAM,A-NO PUB-9999,64
UYSAL,M-NO PUB-9999,BUTLER,R-NO PUB-9999,14
PAGE,S-NO PUB-9999,DANN,G-NO PUB-9999,17
BRAMWELL,B-NO PUB-9999,BALOGLU,S-NO PUB-9999,33
CROUCH,G-NO PUB-9999,COHEN,E-NO PUB-9999,4
GARTNER,W-NO PUB-9999,APX,J-NO PUB-9999,6
SMITH,V-NO PUB-9999,HALL,C-NO PUB-9999,38
SMITH,S-NO PUB-9999,PERDUE,R-NO PUB-9999,8
PERDUE,R-NO PUB-9999,BUHALIS,D-NO PUB-9999,9
PAGE,S-NO PUB-9999,GARTNER,W-NO PUB-9999,12
PEARCE,D-NO PUB-9999,KOTLER,P-NO PUB-9999,25
SMITH,S-NO PUB-9999,APX,J-NO PUB-9999,3
HALL,C-NO PUB-9999,BALOGLU,S-NO PUB-9999,23
PRENTICE,R-NO PUB-9999,PIZAM,A-NO PUB-9999,32
WITT,S-NO PUB-9999,APX,J-NO PUB-9999,3
MURPHY,P-NO PUB-9999,KOZAK,M-NO PUB-9999,37
OLIVER,R-NO PUB-9999,MACCANNELL,D-NO PUB-9999,10
HAIR,J-NO PUB-9999,CROMPTON,J-NO PUB-9999,78
WOODSIDE,A-NO PUB-9999,HALL,C-NO PUB-9999,5
ECHTNER,C-NO PUB-9999,BALOGLU,S-NO PUB-9999,232
PAGE,S-NO PUB-9999,BALOGLU,S-NO PUB-9999,8
RYAN,C-NO PUB-9999,GARTNER,W-NO PUB-9999,58
SHELDON,P-NO PUB-9999,GUNN,C-NO PUB-9999,13
WITT,S-NO PUB-9999,UYSAL,M-NO PUB-9999,65
KOTLER,P-NO PUB-9999,ASHWORTH,G-NO PUB-9999,30
RYAN,C-NO PUB-9999,BALOGLU,S-NO PUB-9999,79
WEAVER,D-NO PUB-9999,PIZAM,A-NO PUB-9999,28
PAGE,S-NO PUB-9999,PAGE,S-NO PUB-9999,149
RITCHIE,J-NO PUB-9999,CROMPTON,J-NO PUB-9999,100
PIZAM,A-NO PUB-9999,COHEN,E-NO PUB-9999,135
SHELDON,P-NO PUB-9999,KOZAK,M-NO PUB-9999,13
PIZAM,A-NO PUB-9999,HALL,C-NO PUB-9999,84
UYSAL,M-NO PUB-9999,PEARCE,P-NO PUB-9999,54
RITCHIE,J-NO PUB-9999,PRENTICE,R-NO PUB-9999,19
MCKERCHER,R-NO PUB-9999,ECHTNER,C-NO PUB-9999,13
SMITH,S-NO PUB-9999,KOTLER,P-NO PUB-9999,20
PIZAM,A-NO PUB-9999,MCKERCHER,R-NO PUB-9999,27
WITT,S-NO PUB-9999,DANN,G-NO PUB-9999,17
URRY,J-NO PUB-9999,GETZ,D-NO PUB-9999,22
URRY,J-NO PUB-9999,HAIR,J-NO PUB-9999,10
KOZAK,M-NO PUB-9999,CROMPTON,J-NO PUB-9999,82
SMITH,V-NO PUB-9999,RYAN,C-NO PUB-9999,53
GUNN,C-NO PUB-9999,COHEN,E-NO PUB-9999,41
SHELDON,P-NO PUB-9999,MURPHY,P-NO PUB-9999,34
OLIVER,R-NO PUB-9999,CROUCH,G-NO PUB-9999,21
URRY,J-NO PUB-9999,SONG,H-NO PUB-9999,2
MURPHY,P-NO PUB-9999,BUTLER,R-NO PUB-9999,118
PARASURAMAN,A-NO PUB-9999,APX,J-NO PUB-9999,12
SMITH,V-NO PUB-9999,SMITH,V-NO PUB-9999,15
SMITH,V-NO PUB-9999,MCKERCHER,R-NO PUB-9999,18
KOTLER,P-NO PUB-9999,COHEN,E-NO PUB-9999,20
PEARCE,D-NO PUB-9999,GUNN,C-NO PUB-9999,71
PEARCE,D-NO PUB-9999,PEARCE,D-NO PUB-9999,226
WOODSIDE,A-NO PUB-9999,WOODSIDE,A-NO PUB-9999,249
PEARCE,D-NO PUB-9999,APX,J-NO PUB-9999,19
CROMPTON,J-NO PUB-9999,APX,J-NO PUB-9999,26
WOODSIDE,A-NO PUB-9999,CROUCH,G-NO PUB-9999,35
SHELDON,P-NO PUB-9999,OPPERMANN,M-NO PUB-9999,15
URRY,J-NO PUB-9999,MURPHY,P-NO PUB-9999,18
SHELDON,P-NO PUB-9999,BUHALIS,D-NO PUB-9999,108
PARASURAMAN,A-NO PUB-9999,BUTLER,R-NO PUB-9999,9
SMITH,S-NO PUB-9999,PRENTICE,R-NO PUB-9999,8
GUNN,C-NO PUB-9999,ASHWORTH,G-NO PUB-9999,25
WOODSIDE,A-NO PUB-9999,BRAMWELL,B-NO PUB-9999,11
SHELDON,P-NO PUB-9999,BRAMWELL,B-NO PUB-9999,8
WITT,S-NO PUB-9999,BUHALIS,D-NO PUB-9999,14
BUTLER,R-NO PUB-9999,BUTLER,R-NO PUB-9999,134
PERDUE,R-NO PUB-9999,PERDUE,R-NO PUB-9999,46
BUHALIS,D-NO PUB-9999,BRAMWELL,B-NO PUB-9999,41
WOODSIDE,A-NO PUB-9999,SMITH,S-NO PUB-9999,22
ECHTNER,C-NO PUB-9999,ASHWORTH,G-NO PUB-9999,55
WITT,S-NO PUB-9999,PAGE,S-NO PUB-9999,6
OPPERMANN,M-NO PUB-9999,MCKERCHER,R-NO PUB-9999,56
KOTLER,P-NO PUB-9999,APX,J-NO PUB-9999,5
MCKERCHER,R-NO PUB-9999,BUTLER,R-NO PUB-9999,61
WEAVER,D-NO PUB-9999,HALL,C-NO PUB-9999,79
SMITH,S-NO PUB-9999,KOZAK,M-NO PUB-9999,12
PRENTICE,R-NO PUB-9999,DANN,G-NO PUB-9999,42
WOODSIDE,A-NO PUB-9999,BUHALIS,D-NO PUB-9999,36
KOTLER,P-NO PUB-9999,GUNN,C-NO PUB-9999,43
PRENTICE,R-NO PUB-9999,ASHWORTH,G-NO PUB-9999,33
PEARCE,P-NO PUB-9999,MACCANNELL,D-NO PUB-9999,119
DANN,G-NO PUB-9999,CROMPTON,J-NO PUB-9999,157
WOODSIDE,A-NO PUB-9999,APX,J-NO PUB-9999,6
PRENTICE,R-NO PUB-9999,KOTLER,P-NO PUB-9999,32
RITCHIE,J-NO PUB-9999,GARTNER,W-NO PUB-9999,55
PRENTICE,R-NO PUB-9999,KOZAK,M-NO PUB-9999,28
HALL,C-NO PUB-9999,ASHWORTH,G-NO PUB-9999,87
RITCHIE,J-NO PUB-9999,BALOGLU,S-NO PUB-9999,40
RYAN,C-NO PUB-9999,ASHWORTH,G-NO PUB-9999,30
UYSAL,M-NO PUB-9999,GARTNER,W-NO PUB-9999,43
SMITH,S-NO PUB-9999,PARASURAMAN,A-NO PUB-9999,5
PEARCE,D-NO PUB-9999,GARTNER,W-NO PUB-9999,38
PERDUE,R-NO PUB-9999,KOTLER,P-NO PUB-9999,15
OPPERMANN,M-NO PUB-9999,OLIVER,R-NO PUB-9999,88
WOODSIDE,A-NO PUB-9999,SHELDON,P-NO PUB-9999,24
DANN,G-NO PUB-9999,APX,J-NO PUB-9999,3
WOODSIDE,A-NO PUB-9999,MACCANNELL,D-NO PUB-9999,14
PERDUE,R-NO PUB-9999,GUNN,C-NO PUB-9999,22
KOTLER,P-NO PUB-9999,CROUCH,G-NO PUB-9999,12
WEAVER,D-NO PUB-9999,SMITH,S-NO PUB-9999,12
SONG,H-NO PUB-9999,OLIVER,R-NO PUB-9999,1
PEARCE,D-NO PUB-9999,BALOGLU,S-NO PUB-9999,17
PEARCE,P-NO PUB-9999,GARTNER,W-NO PUB-9999,112
MCKERCHER,R-NO PUB-9999,GUNN,C-NO PUB-9999,29
WEAVER,D-NO PUB-9999,KOZAK,M-NO PUB-9999,1
PRENTICE,R-NO PUB-9999,PAGE,S-NO PUB-9999,11
PEARCE,P-NO PUB-9999,HALL,C-NO PUB-9999,79
MACCANNELL,D-NO PUB-9999,GARTNER,W-NO PUB-9999,19
BUTLER,R-NO PUB-9999,BALOGLU,S-NO PUB-9999,16
KOZAK,M-NO PUB-9999,HAIR,J-NO PUB-9999,38
PEARCE,P-NO PUB-9999,CROMPTON,J-NO PUB-9999,192
RYAN,C-NO PUB-9999,OLIVER,R-NO PUB-9999,77
SMITH,V-NO PUB-9999,BRAMWELL,B-NO PUB-9999,9
GUNN,C-NO PUB-9999,GARTNER,W-NO PUB-9999,118
CROUCH,G-NO PUB-9999,CROMPTON,J-NO PUB-9999,13
PRENTICE,R-NO PUB-9999,PEARCE,P-NO PUB-9999,77
SHELDON,P-NO PUB-9999,CROUCH,G-NO PUB-9999,29
UYSAL,M-NO PUB-9999,BRAMWELL,B-NO PUB-9999,16
SMITH,V-NO PUB-9999,KOZAK,M-NO PUB-9999,1
MACCANNELL,D-NO PUB-9999,BALOGLU,S-NO PUB-9999,14
RITCHIE,J-NO PUB-9999,BUTLER,R-NO PUB-9999,51
DANN,G-NO PUB-9999,BUHALIS,D-NO PUB-9999,11
OLIVER,R-NO PUB-9999,ECHTNER,C-NO PUB-9999,45
GUNN,C-NO PUB-9999,BALOGLU,S-NO PUB-9999,100
RITCHIE,J-NO PUB-9999,PIZAM,A-NO PUB-9999,64
PRENTICE,R-NO PUB-9999,PEARCE,D-NO PUB-9999,19
SMITH,V-NO PUB-9999,GUNN,C-NO PUB-9999,18
OPPERMANN,M-NO PUB-9999,KOZAK,M-NO PUB-9999,106
CROUCH,G-NO PUB-9999,BUHALIS,D-NO PUB-9999,18
DANN,G-NO PUB-9999,BUTLER,R-NO PUB-9999,41
CROMPTON,J-NO PUB-9999,CROMPTON,J-NO PUB-9999,127
PRENTICE,R-NO PUB-9999,MCKERCHER,R-NO PUB-9999,31
WOODSIDE,A-NO PUB-9999,SMITH,V-NO PUB-9999,12
HALL,C-NO PUB-9999,GARTNER,W-NO PUB-9999,37
WOODSIDE,A-NO PUB-9999,GUNN,C-NO PUB-9999,46
KOTLER,P-NO PUB-9999,GARTNER,W-NO PUB-9999,78
URRY,J-NO PUB-9999,CROUCH,G-NO PUB-9999,4
URRY,J-NO PUB-9999,PARASURAMAN,A-NO PUB-9999,5
KOZAK,M-NO PUB-9999,DANN,G-NO PUB-9999,29
PEARCE,P-NO PUB-9999,COHEN,E-NO PUB-9999,298
GETZ,D-NO PUB-9999,BUHALIS,D-NO PUB-9999,27
PEARCE,D-NO PUB-9999,BUTLER,R-NO PUB-9999,125
PAGE,S-NO PUB-9999,OLIVER,R-NO PUB-9999,2
DANN,G-NO PUB-9999,DANN,G-NO PUB-9999,85
PERDUE,R-NO PUB-9999,ECHTNER,C-NO PUB-9999,9
SMITH,V-NO PUB-9999,BUHALIS,D-NO PUB-9999,6
BUHALIS,D-NO PUB-9999,APX,J-NO PUB-9999,1
MURPHY,P-NO PUB-9999,COHEN,E-NO PUB-9999,54
KOTLER,P-NO PUB-9999,BALOGLU,S-NO PUB-9999,87
PIZAM,A-NO PUB-9999,GUNN,C-NO PUB-9999,37
RITCHIE,J-NO PUB-9999,PARASURAMAN,A-NO PUB-9999,5
KOZAK,M-NO PUB-9999,KOTLER,P-NO PUB-9999,22
PIZAM,A-NO PUB-9999,CROUCH,G-NO PUB-9999,17
MCKERCHER,R-NO PUB-9999,KOZAK,M-NO PUB-9999,9
PARASURAMAN,A-NO PUB-9999,BUHALIS,D-NO PUB-9999,29
RITCHIE,J-NO PUB-9999,PEARCE,P-NO PUB-9999,48
MACCANNELL,D-NO PUB-9999,GETZ,D-NO PUB-9999,26
BALOGLU,S-NO PUB-9999,BALOGLU,S-NO PUB-9999,194
BUTLER,R-NO PUB-9999,BRAMWELL,B-NO PUB-9999,73
MACCANNELL,D-NO PUB-9999,HAIR,J-NO PUB-9999,6
PRENTICE,R-NO PUB-9999,ECHTNER,C-NO PUB-9999,29
WITT,S-NO PUB-9999,PERDUE,R-NO PUB-9999,6
PEARCE,P-NO PUB-9999,OPPERMANN,M-NO PUB-9999,64
GARTNER,W-NO PUB-9999,BUTLER,R-NO PUB-9999,27
MURPHY,P-NO PUB-9999,HALL,C-NO PUB-9999,132
SHELDON,P-NO PUB-9999,COHEN,E-NO PUB-9999,29
RITCHIE,J-NO PUB-9999,PEARCE,D-NO PUB-9999,50
SMITH,S-NO PUB-9999,GETZ,D-NO PUB-9999,22
SMITH,S-NO PUB-9999,HAIR,J-NO PUB-9999,6
SMITH,S-NO PUB-9999,BUTLER,R-NO PUB-9999,31
WOODSIDE,A-NO PUB-9999,PARASURAMAN,A-NO PUB-9999,29
UYSAL,M-NO PUB-9999,OLIVER,R-NO PUB-9999,13
WEAVER,D-NO PUB-9999,SMITH,V-NO PUB-9999,24
COHEN,E-NO PUB-9999,BUTLER,R-NO PUB-9999,147
MURPHY,P-NO PUB-9999,BUHALIS,D-NO PUB-9999,22
HAIR,J-NO PUB-9999,ECHTNER,C-NO PUB-9999,32
SONG,H-NO PUB-9999,BUHALIS,D-NO PUB-9999,29
PARASURAMAN,A-NO PUB-9999,HALL,C-NO PUB-9999,6
KOZAK,M-NO PUB-9999,BUHALIS,D-NO PUB-9999,74
RYAN,C-NO PUB-9999,PIZAM,A-NO PUB-9999,159
PAGE,S-NO PUB-9999,MACCANNELL,D-NO PUB-9999,13
RYAN,C-NO PUB-9999,MURPHY,P-NO PUB-9999,87
GUNN,C-NO PUB-9999,GETZ,D-NO PUB-9999,82
SHELDON,P-NO PUB-9999,ASHWORTH,G-NO PUB-9999,1
PERDUE,R-NO PUB-9999,PARASURAMAN,A-NO PUB-9999,19
WOODSIDE,A-NO PUB-9999,ASHWORTH,G-NO PUB-9999,25
SHELDON,P-NO PUB-9999,APX,J-NO PUB-9999,68
DANN,G-NO PUB-9999,COHEN,E-NO PUB-9999,208
MURPHY,P-NO PUB-9999,MCKERCHER,R-NO PUB-9999,26
WITT,S-NO PUB-9999,KOTLER,P-NO PUB-9999,6
WEAVER,D-NO PUB-9999,GUNN,C-NO PUB-9999,21
SMITH,S-NO PUB-9999,CROMPTON,J-NO PUB-9999,41
SMITH,S-NO PUB-9999,DANN,G-NO PUB-9999,41
OLIVER,R-NO PUB-9999,BRAMWELL,B-NO PUB-9999,11
HAIR,J-NO PUB-9999,BRAMWELL,B-NO PUB-9999,7
MCKERCHER,R-NO PUB-9999,CROMPTON,J-NO PUB-9999,23
URRY,J-NO PUB-9999,DANN,G-NO PUB-9999,105
PAGE,S-NO PUB-9999,MURPHY,P-NO PUB-9999,47
RITCHIE,J-NO PUB-9999,KOZAK,M-NO PUB-9999,35
SMITH,S-NO PUB-9999,PEARCE,P-NO PUB-9999,51
WITT,S-NO PUB-9999,URRY,J-NO PUB-9999,4
PERDUE,R-NO PUB-9999,OPPERMANN,M-NO PUB-9999,17
GUNN,C-NO PUB-9999,DANN,G-NO PUB-9999,49
WOODSIDE,A-NO PUB-9999,KOZAK,M-NO PUB-9999,74
GETZ,D-NO PUB-9999,CROUCH,G-NO PUB-9999,8
SMITH,S-NO PUB-9999,BUHALIS,D-NO PUB-9999,24
WOODSIDE,A-NO PUB-9999,PERDUE,R-NO PUB-9999,63
SMITH,S-NO PUB-9999,COHEN,E-NO PUB-9999,47
RITCHIE,J-NO PUB-9999,BRAMWELL,B-NO PUB-9999,61
SMITH,S-NO PUB-9999,PEARCE,D-NO PUB-9999,56
PRENTICE,R-NO PUB-9999,BUTLER,R-NO PUB-9999,23
WOODSIDE,A-NO PUB-9999,ECHTNER,C-NO PUB-9999,83
UYSAL,M-NO PUB-9999,GETZ,D-NO PUB-9999,79
SHELDON,P-NO PUB-9999,SHELDON,P-NO PUB-9999,24
PERDUE,R-NO PUB-9999,APX,J-NO PUB-9999,151
UYSAL,M-NO PUB-9999,HAIR,J-NO PUB-9999,31
UYSAL,M-NO PUB-9999,SONG,H-NO PUB-9999,17
UYSAL,M-NO PUB-9999,PIZAM,A-NO PUB-9999,33
KOZAK,M-NO PUB-9999,BRAMWELL,B-NO PUB-9999,19
WITT,S-NO PUB-9999,SHELDON,P-NO PUB-9999,49
PIZAM,A-NO PUB-9999,CROMPTON,J-NO PUB-9999,95
PERDUE,R-NO PUB-9999,KOZAK,M-NO PUB-9999,22
MURPHY,P-NO PUB-9999,CROMPTON,J-NO PUB-9999,45
SMITH,S-NO PUB-9999,MCKERCHER,R-NO PUB-9999,31
PRENTICE,R-NO PUB-9999,COHEN,E-NO PUB-9999,88
CROMPTON,J-NO PUB-9999,BALOGLU,S-NO PUB-9999,193
SMITH,S-NO PUB-9999,PAGE,S-NO PUB-9999,50
PEARCE,P-NO PUB-9999,GUNN,C-NO PUB-9999,99
PERDUE,R-NO PUB-9999,BUTLER,R-NO PUB-9999,54
WEAVER,D-NO PUB-9999,CROMPTON,J-NO PUB-9999,16
RYAN,C-NO PUB-9999,RYAN,C-NO PUB-9999,269
URRY,J-NO PUB-9999,PAGE,S-NO PUB-9999,42
MCKERCHER,R-NO PUB-9999,GARTNER,W-NO PUB-9999,6
WEAVER,D-NO PUB-9999,PRENTICE,R-NO PUB-9999,5
SMITH,V-NO PUB-9999,ASHWORTH,G-NO PUB-9999,16
SMITH,S-NO PUB-9999,SHELDON,P-NO PUB-9999,19
PEARCE,D-NO PUB-9999,OPPERMANN,M-NO PUB-9999,78
OLIVER,R-NO PUB-9999,HALL,C-NO PUB-9999,5
UYSAL,M-NO PUB-9999,ASHWORTH,G-NO PUB-9999,10
SMITH,V-NO PUB-9999,PERDUE,R-NO PUB-9999,13
WITT,S-NO PUB-9999,CROMPTON,J-NO PUB-9999,12
MCKERCHER,R-NO PUB-9999,BALOGLU,S-NO PUB-9999,21
WITT,S-NO PUB-9999,PRENTICE,R-NO PUB-9999,8
HALL,C-NO PUB-9999,HALL,C-NO PUB-9999,445
WEAVER,D-NO PUB-9999,COHEN,E-NO PUB-9999,34
UYSAL,M-NO PUB-9999,DANN,G-NO PUB-9999,50
SONG,H-NO PUB-9999,CROUCH,G-NO PUB-9999,106
PERDUE,R-NO PUB-9999,GETZ,D-NO PUB-9999,54
PEARCE,D-NO PUB-9999,MACCANNELL,D-NO PUB-9999,26
RYAN,C-NO PUB-9999,APX,J-NO PUB-9999,79
PARASURAMAN,A-NO PUB-9999,OPPERMANN,M-NO PUB-9999,54
UYSAL,M-NO PUB-9999,OPPERMANN,M-NO PUB-9999,21
RYAN,C-NO PUB-9999,KOZAK,M-NO PUB-9999,53
